[
{"name": "Ааракокран", "file": "aarak2.are"},
{"name": "Абисс", "file": "abyss2.are"},
{"name": "В Воздухе", "file": "air.are"},
{"name": "Страна Чудес", "file": "alice.are"},
{"name": "Амбер", "file": "amber_area.are"},
{"name": "Замок Амбера, 1й этаж", "file": "amber_floor1.are"},
{"name": "Антария", "file": "antharia.are"},
{"name": "Арахнос", "file": "arachnos.are"},
{"name": "Аркадия", "file": "arcadia.are"},
{"name": "Армагеддон", "file": "armagddn.are"},
{"name": "Астрал", "file": "astral.are"},
{"name": "Бангзуйские Сады", "file": "bangzui.are"},
{"name": "Базар", "file": "bazaar.are"},
{"name": "Запустение", "file": "blight.are"},
{"name": "Камелот", "file": "camelot.are"},
{"name": "Каньон Стихий", "file": "canyon.are"},
{"name": "Казино", "file": "casino.are"},
{"name": "Подземелья Дварфов", "file": "catacomb.are"},
{"name": "Подземелье Часовни", "file": "chapel.are"},
{"name": "Шахматная Доска", "file": "chess2.are"},
{"name": "Шоколадная фабрика", "file": "chocolate.are"},
{"name": "Логовище Сайкуалы", "file": "ciquala2.are"},
{"name": "Цирк", "file": "circus.are"},
{"name": "Облачная Гора", "file": "cloudymt.are"},
{"name": "Шабаш", "file": "coven.are"},
{"name": "Озеро Кристалмир", "file": "crystal2.are"},
{"name": "Темный Континент", "file": "dark2.are"},
{"name": "Детский сад Дварфов", "file": "daycare.are"},
{"name": "Разделенные Души", "file": "divsouls.are"},
{"name": "Замок Драконов", "file": "draconia.are"},
{"name": "Пик Драконов", "file": "dragon2.are"},
{"name": "Остров Дракири", "file": "drakyri.are"},
{"name": "Машинные мечты", "file": "dream.are"},
{"name": "Город Дроу", "file": "drow.are"},
{"name": "Королевство Гномов", "file": "dwarven.are"},
{"name": "Зона Дилана", "file": "dylan.are"},
{"name": "Пески Скорби", "file": "eastern.are"},
{"name": "Изумрудный Лес", "file": "emerald.are"},
{"name": "Кольцо Фей", "file": "faeriering.are"},
{"name": "Огненная Гора", "file": "firetop2.are"},
{"name": "Вольная Гавань", "file": "freeport.are"},
{"name": "Галактика", "file": "galaxy.are"},
{"name": "Планетарная Геометрия", "file": "geometry.are"},
{"name": "Большой Герихельм", "file": "gerghlm2.are"},
{"name": "Деревня Гномов", "file": "gnome.are"},
{"name": "Кладбище", "file": "grave.are"},
{"name": "Священная Роща", "file": "grove.are"},
{"name": "Крепость Гоблинов", "file": "gstrong.are"},
{"name": "Город Призраков", "file": "gtown.are"},
{"name": "Леса Королевства Хаон", "file": "haon.are"},
{"name": "Высшая Башня Колдовства", "file": "hitower.are"},
{"name": "Опасный Район", "file": "hood.are"},
{"name": "Храм Зава", "file": "hram-zav.are"},
{"name": "Окрестности Города Дроу", "file": "htdrow.are"},
{"name": "Пригород Герихельма", "file": "htgerighelm.are"},
{"name": "Городская Свалка", "file": "htmidgaard.are"},
{"name": "Пригород Нового Офкола", "file": "htnewofcol.are"},
{"name": "Предместья Нового Талоса", "file": "htnewthalos.are"},
{"name": "Предместья Старого Мидгаарда", "file": "htoldmidgaard.are"},
{"name": "Пригород Соласа", "file": "htsolace.are"},
{"name": "Пригород Долины Титанов", "file": "httitan.are"},
{"name": "Хижина", "file": "hut.are"},
{"name": "Пиратские Острова", "file": "isles.are"},
{"name": "Логово Джэра", "file": "jher.are"},
{"name": "Королевский замок", "file": "king2.are"},
{"name": "Озеро Слез", "file": "lake.are"},
{"name": "Библиотека", "file": "library.are"},
{"name": "Башня Лича", "file": "lich.are"},
{"name": "Волшебный Лес", "file": "magicfor.are"},
{"name": "Мах&apos;н-Тор", "file": "mahntor.are"},
{"name": "Непрерывность парков", "file": "mansion.are"},
{"name": "Старая Топь", "file": "marsh.are"},
{"name": "Маскарад", "file": "masquerade.are"},
{"name": "Матушка Гусыня", "file": "mgoose.are"},
{"name": "Миден&apos;нир", "file": "midennir.are"},
{"name": "Мидгаард", "file": "midgaard.are"},
{"name": "Лихолесье", "file": "mirkwd2.are"},
{"name": "Королевство Зеркал", "file": "mirror2.are"},
{"name": "Старый Мидгаард", "file": "mirror.are"},
{"name": "Мория", "file": "moria.are"},
{"name": "Гора Смерти", "file": "mtdoom.are"},
{"name": "Земля гоблинов", "file": "nation.are"},
{"name": "Зона Новичков", "file": "newbie2.are"},
{"name": "Новый Талос", "file": "newthalos.are"},
{"name": "Нирвана", "file": "nirvana.are"},
{"name": "Новый Офкол", "file": "ofcol2.are"},
{"name": "Офкол", "file": "ofcol.are"},
{"name": "Олимп", "file": "olympus.are"},
{"name": "Парк Сумрачных Ветров", "file": "park.are"},
{"name": "Равнины Севера", "file": "plains.are"},
{"name": "Прерии", "file": "prairie.are"},
{"name": "Темница Герихельма", "file": "prison2.are"},
{"name": "Тюрьма", "file": "prison.are"},
{"name": "Великие Пирамиды", "file": "pyramid.are"},
{"name": "Дом Куифаэля", "file": "quifael.are"},
{"name": "Храм Крысиного Бога", "file": "rat.are"},
{"name": "Резиденция Редферна", "file": "redferne.are"},
{"name": "Пещеры", "file": "ryzen2.are"},
{"name": "Пастбища и другое", "file": "satyr.are"},
{"name": "MUD Школа", "file": "school.are"},
{"name": "Канализация", "file": "sewer.are"},
{"name": "Башня Магического Искусства", "file": "shalafi.are"},
{"name": "Храм Шаолинь", "file": "shaolin.are"},
{"name": "Фрегат", "file": "ship.are"},
{"name": "Шир", "file": "shire.are"},
{"name": "Деревня Смурфов", "file": "smurf.are"},
{"name": "Солас", "file": "solace.are"},
{"name": "Храм Тананды", "file": "tananda.are"},
{"name": "Стены Анона", "file": "tcwnn2.are"},
{"name": "Город Анон", "file": "tcwnn.are"},
{"name": "Талос", "file": "thalos.are"},
{"name": "Долина Титанов", "file": "titan.are"},
{"name": "Храм Фемиды", "file": "tofemida.are"},
{"name": "Ад", "file": "tohell.are"},
{"name": "Иггдрасиль", "file": "tree.are"},
{"name": "Трельские Пещеры", "file": "trilium.are"},
{"name": "Пещера Троллей", "file": "trollden.are"},
{"name": "Древняя Троя", "file": "troy.are"},
{"name": "Подземье (UnderDark)", "file": "under2.are"},
{"name": "Дьявольский Монастырь", "file": "unholy.are"},
{"name": "Долина Эльфов", "file": "valley.are"},
{"name": "The Village of Anon", "file": "villa.are"},
{"name": "Тайное Убежище Колдуна", "file": "warkeep.are"},
{"name": "Каннабис", "file": "weed.are"},
{"name": "Вестландия", "file": "westland.are"},
{"name": "Вивернова башня", "file": "wyvern.are"},
{"name": "Мидгаардский Зоопарк", "file": "zoo3.are"},
{"name": "Музей Зоологии", "file": "zoology.are"}
]
