{
    "galeon.are": {
        "40100": ["смотр роза", "смотр", "восток"],
        "40101": ["идти трап", "смотр", "выходы", "идти трап", "север"],
        "40002": ["счет", "смотр", "юг", "справка параметры"],
        "40001": ["инв", "юг", "экип", "смотр дварф"],
        "40000": ["вниз", "выходы", "огляд", "смотр"],
        "40022": ["взять факел", "надеть факел", "смотр", "юг"],
        "40011": ["см гамак", "юг", "сесть гамак", "встать"],
        "40021": ["пить бочка", "пить 2.бочка", "см бочка", "см 2.бочка", "восток"],
        "40020": ["см ящик", "см в ящик", "см в 2.ящик", "справк надеть", "справк взять"],
        "40027": ["с", "з", "огляд"],
        "40028": ["см матрос", "нюхать матрос", "задания", "юг"],
        "40012": ["прак", "прак кинжал", "умения", "трениров", "счет"],
        "40014": ["огляд", "юг", "выходы", "в"],
        "40015": ["убить паук", "убить таракан"],
        "40017": ["загл труп", "шансы моллюск"],
        "40018": ["убить муха", "огляд"],
        "40023": ["ю", "с"],
        "40013": ["прак", "заклин", "трениров", "задания"],
        "40010": ["читать буклет", "ск Мидгаард", "ск Новый Талос", "ск помогу"],
        "40007": ["задания", "юг"],
        "40005": ["идти штормтрап", "с"],
        "40026": ["использ весло", "идти лестница"],
        "*":   ["одну из с ю в з о п", "справка", "счет", "прак", "инв", "экип", "умения", "закл", "команды", "смотр", "задания", "треп всем привет!"] 
    },
    "school.are": {
        "*": "Введи команду или стрелками выбери предыдущую"
    }
}
